Entity_Type,True Positive,True Negative,False Positive,False Negative,Accuracy,Precision,Recall,F1
Organisation,4691,12649,1781,3693,0.7600596125186289,0.7248145859085291,0.2705305651672434,0.39400302368553675
Person,5594,13650,1852,1518,0.8509772707172548,0.7512758528068761,0.2906880066514238,0.41918321468714864
Location,19851,6335,5160,2216,0.7802276384005721,0.7936907760585342,0.7580768349499732,0.7754751254956345
Misc,7170,7647,12711,1683,0.5072404231282736,0.36064584276444844,0.4839036242154282,0.41328030434030777
Overall,37306,40281,21504,9110,0.7170636130904521,0.6343479000170039,0.48082797375849046,0.5470208289038615
